USE [QLKhachSan]
GO
/****** Object:  Table [dbo].[BangPhanQuyen]    Script Date: 5/23/2017 7:58:41 PM ******/
SET ANSI_NULLS ON
GO
SET QUOTED_IDENTIFIER ON
GO
CREATE TABLE [dbo].[BangPhanQuyen](
	[STT] [int] IDENTITY(1,1) NOT NULL,
	[LoaiNV] [nchar](10) NULL,
	[DanhMucPhong] [bit] NULL,
	[ThayDoiQuyDinh] [bit] NULL,
	[NhatKyHeThong] [bit] NULL,
	[QuanLyLoaiPhong] [bit] NULL,
	[QuanLyKhachHang] [bit] NULL,
	[QuanLyLoaiKhachHang] [bit] NULL,
	[QuanLyNhanVien] [bit] NULL,
	[QuanLyLoaiNV] [bit] NULL,
	[SaoLuuDL] [bit] NULL,
	[PhucHoiDL] [bit] NULL,
	[PhanQuyen] [bit] NULL,
	[HinhThucThue] [bit] NULL,
 CONSTRAINT [PK_BangPhanQuyen1] PRIMARY KEY CLUSTERED 
(
	[STT] ASC
)WITH (PAD_INDEX = OFF, STATISTICS_NORECOMPUTE = OFF, IGNORE_DUP_KEY = OFF, ALLOW_ROW_LOCKS = ON, ALLOW_PAGE_LOCKS = ON) ON [PRIMARY]
) ON [PRIMARY]

GO
/****** Object:  Table [dbo].[ChiTietHoaDon]    Script Date: 5/23/2017 7:58:41 PM ******/
SET ANSI_NULLS ON
GO
SET QUOTED_IDENTIFIER ON
GO
CREATE TABLE [dbo].[ChiTietHoaDon](
	[MaCTHD] [nchar](10) NOT NULL,
	[MaHD] [nchar](10) NULL,
	[MaPhong] [nchar](10) NULL,
	[NgayDen] [datetime] NULL,
	[NgayDi] [datetime] NULL,
	[PhuThu] [float] NULL,
	[DonGia] [float] NULL,
	[ThanhTien] [float] NULL,
 CONSTRAINT [PK_ChiTietHoaDon] PRIMARY KEY CLUSTERED 
(
	[MaCTHD] ASC
)WITH (PAD_INDEX = OFF, STATISTICS_NORECOMPUTE = OFF, IGNORE_DUP_KEY = OFF, ALLOW_ROW_LOCKS = ON, ALLOW_PAGE_LOCKS = ON) ON [PRIMARY]
) ON [PRIMARY]

GO
/****** Object:  Table [dbo].[HinhThuc]    Script Date: 5/23/2017 7:58:41 PM ******/
SET ANSI_NULLS ON
GO
SET QUOTED_IDENTIFIER ON
GO
CREATE TABLE [dbo].[HinhThuc](
	[MaHinhThuc] [nchar](10) NOT NULL,
	[TenHinhThuc] [nvarchar](50) NULL,
	[ThoiGianKeoDai] [float] NULL,
	[GioKetThuc] [int] NULL,
	[active] [bit] NULL,
 CONSTRAINT [PK_HinhThuc] PRIMARY KEY CLUSTERED 
(
	[MaHinhThuc] ASC
)WITH (PAD_INDEX = OFF, STATISTICS_NORECOMPUTE = OFF, IGNORE_DUP_KEY = OFF, ALLOW_ROW_LOCKS = ON, ALLOW_PAGE_LOCKS = ON) ON [PRIMARY]
) ON [PRIMARY]

GO
/****** Object:  Table [dbo].[HinhThuc_LoaiPhong]    Script Date: 5/23/2017 7:58:41 PM ******/
SET ANSI_NULLS ON
GO
SET QUOTED_IDENTIFIER ON
GO
CREATE TABLE [dbo].[HinhThuc_LoaiPhong](
	[MaLoaiPhong] [nchar](10) NOT NULL,
	[MaHinhThuc] [nchar](10) NOT NULL,
	[DonGia] [float] NULL,
	[TiepTheo] [float] NULL,
 CONSTRAINT [PK_HinhThuc_LoaiPhong] PRIMARY KEY CLUSTERED 
(
	[MaLoaiPhong] ASC,
	[MaHinhThuc] ASC
)WITH (PAD_INDEX = OFF, STATISTICS_NORECOMPUTE = OFF, IGNORE_DUP_KEY = OFF, ALLOW_ROW_LOCKS = ON, ALLOW_PAGE_LOCKS = ON) ON [PRIMARY]
) ON [PRIMARY]

GO
/****** Object:  Table [dbo].[HoaDon]    Script Date: 5/23/2017 7:58:41 PM ******/
SET ANSI_NULLS ON
GO
SET QUOTED_IDENTIFIER ON
GO
CREATE TABLE [dbo].[HoaDon](
	[MaHD] [nchar](10) NOT NULL,
	[MaKH] [nchar](10) NULL,
	[SoGioThue] [float] NULL,
	[TongTien] [float] NULL,
	[NgayThanhToan] [datetime] NULL,
	[MaNV] [nchar](10) NULL,
	[MaPhieuThue] [nchar](10) NULL,
 CONSTRAINT [PK_HoaDon] PRIMARY KEY CLUSTERED 
(
	[MaHD] ASC
)WITH (PAD_INDEX = OFF, STATISTICS_NORECOMPUTE = OFF, IGNORE_DUP_KEY = OFF, ALLOW_ROW_LOCKS = ON, ALLOW_PAGE_LOCKS = ON) ON [PRIMARY]
) ON [PRIMARY]

GO
/****** Object:  Table [dbo].[KhachHang]    Script Date: 5/23/2017 7:58:41 PM ******/
SET ANSI_NULLS ON
GO
SET QUOTED_IDENTIFIER ON
GO
CREATE TABLE [dbo].[KhachHang](
	[MaKH] [nchar](10) NOT NULL,
	[TenKH] [nvarchar](50) NULL,
	[CMND] [nchar](15) NULL,
	[DiaChi] [nvarchar](200) NULL,
	[SDT] [nchar](15) NULL,
	[LoaiKH] [int] NULL,
 CONSTRAINT [PK_KhachHang] PRIMARY KEY CLUSTERED 
(
	[MaKH] ASC
)WITH (PAD_INDEX = OFF, STATISTICS_NORECOMPUTE = OFF, IGNORE_DUP_KEY = OFF, ALLOW_ROW_LOCKS = ON, ALLOW_PAGE_LOCKS = ON) ON [PRIMARY]
) ON [PRIMARY]

GO
/****** Object:  Table [dbo].[LoaiKhachHang]    Script Date: 5/23/2017 7:58:41 PM ******/
SET ANSI_NULLS ON
GO
SET QUOTED_IDENTIFIER ON
GO
CREATE TABLE [dbo].[LoaiKhachHang](
	[MaLoaiKH] [int] IDENTITY(1,1) NOT NULL,
	[TenLoaiKH] [nvarchar](50) NULL,
	[HeSo] [float] NULL,
 CONSTRAINT [PK_LoaiKhachHang] PRIMARY KEY CLUSTERED 
(
	[MaLoaiKH] ASC
)WITH (PAD_INDEX = OFF, STATISTICS_NORECOMPUTE = OFF, IGNORE_DUP_KEY = OFF, ALLOW_ROW_LOCKS = ON, ALLOW_PAGE_LOCKS = ON) ON [PRIMARY]
) ON [PRIMARY]

GO
/****** Object:  Table [dbo].[LoaiNhanVien]    Script Date: 5/23/2017 7:58:41 PM ******/
SET ANSI_NULLS ON
GO
SET QUOTED_IDENTIFIER ON
GO
CREATE TABLE [dbo].[LoaiNhanVien](
	[MaLoaiNV] [nchar](10) NOT NULL,
	[TenLoaiNV] [nvarchar](50) NULL,
 CONSTRAINT [PK_LoaiNhanVien] PRIMARY KEY CLUSTERED 
(
	[MaLoaiNV] ASC
)WITH (PAD_INDEX = OFF, STATISTICS_NORECOMPUTE = OFF, IGNORE_DUP_KEY = OFF, ALLOW_ROW_LOCKS = ON, ALLOW_PAGE_LOCKS = ON) ON [PRIMARY]
) ON [PRIMARY]

GO
/****** Object:  Table [dbo].[LoaiPhong]    Script Date: 5/23/2017 7:58:41 PM ******/
SET ANSI_NULLS ON
GO
SET QUOTED_IDENTIFIER ON
GO
CREATE TABLE [dbo].[LoaiPhong](
	[MaLoaiPhong] [nchar](10) NOT NULL,
	[TenLoaiPhong] [nvarchar](50) NULL,
	[TienQuaGio] [float] NULL,
	[active] [bit] NULL,
 CONSTRAINT [PK_LoaiPhong] PRIMARY KEY CLUSTERED 
(
	[MaLoaiPhong] ASC
)WITH (PAD_INDEX = OFF, STATISTICS_NORECOMPUTE = OFF, IGNORE_DUP_KEY = OFF, ALLOW_ROW_LOCKS = ON, ALLOW_PAGE_LOCKS = ON) ON [PRIMARY]
) ON [PRIMARY]

GO
/****** Object:  Table [dbo].[NhanVien]    Script Date: 5/23/2017 7:58:41 PM ******/
SET ANSI_NULLS ON
GO
SET QUOTED_IDENTIFIER ON
GO
CREATE TABLE [dbo].[NhanVien](
	[MaNV] [nchar](10) NOT NULL,
	[TenNV] [nvarchar](50) NULL,
	[DiaChi] [nvarchar](200) NULL,
	[NgaySinh] [date] NULL,
	[CMND] [nchar](15) NULL,
	[SDT] [nchar](15) NULL,
	[TaiKhoan] [nchar](50) NULL,
	[MatKhau] [nchar](50) NULL,
	[LoaiNV] [nchar](10) NULL,
	[Email] [nchar](50) NULL,
	[ConQuanLy] [bit] NULL,
	[GioiTinh] [int] NULL,
 CONSTRAINT [PK_NhanVien] PRIMARY KEY CLUSTERED 
(
	[MaNV] ASC
)WITH (PAD_INDEX = OFF, STATISTICS_NORECOMPUTE = OFF, IGNORE_DUP_KEY = OFF, ALLOW_ROW_LOCKS = ON, ALLOW_PAGE_LOCKS = ON) ON [PRIMARY]
) ON [PRIMARY]

GO
/****** Object:  Table [dbo].[NhatKyHoatDong]    Script Date: 5/23/2017 7:58:41 PM ******/
SET ANSI_NULLS ON
GO
SET QUOTED_IDENTIFIER ON
GO
CREATE TABLE [dbo].[NhatKyHoatDong](
	[STT] [int] IDENTITY(1,1) NOT NULL,
	[ID] [nchar](50) NULL,
	[TenMayTinh] [nvarchar](100) NULL,
	[ThoiGian] [datetime] NULL,
	[ChucNang] [nvarchar](100) NULL,
	[HanhDong] [nvarchar](100) NULL,
 CONSTRAINT [PK_NhatKyHoatDong] PRIMARY KEY CLUSTERED 
(
	[STT] ASC
)WITH (PAD_INDEX = OFF, STATISTICS_NORECOMPUTE = OFF, IGNORE_DUP_KEY = OFF, ALLOW_ROW_LOCKS = ON, ALLOW_PAGE_LOCKS = ON) ON [PRIMARY]
) ON [PRIMARY]

GO
/****** Object:  Table [dbo].[PhieuThue]    Script Date: 5/23/2017 7:58:41 PM ******/
SET ANSI_NULLS ON
GO
SET QUOTED_IDENTIFIER ON
GO
CREATE TABLE [dbo].[PhieuThue](
	[MaPhieuThue] [nchar](10) NOT NULL,
	[MaPhong] [nchar](10) NULL,
	[MaKH] [nchar](10) NULL,
	[NgayBatDauThue] [datetime] NULL,
	[NgayTraPhong] [datetime] NULL,
	[SoNguoiThue] [int] NULL,
	[TienChuyenPhong] [float] NULL,
	[MaHinhThuc] [nchar](10) NULL,
 CONSTRAINT [PK_PhieuThue] PRIMARY KEY CLUSTERED 
(
	[MaPhieuThue] ASC
)WITH (PAD_INDEX = OFF, STATISTICS_NORECOMPUTE = OFF, IGNORE_DUP_KEY = OFF, ALLOW_ROW_LOCKS = ON, ALLOW_PAGE_LOCKS = ON) ON [PRIMARY]
) ON [PRIMARY]

GO
/****** Object:  Table [dbo].[Phong]    Script Date: 5/23/2017 7:58:41 PM ******/
SET ANSI_NULLS ON
GO
SET QUOTED_IDENTIFIER ON
GO
CREATE TABLE [dbo].[Phong](
	[MaPhong] [nchar](10) NOT NULL,
	[TenPhong] [nvarchar](50) NULL,
	[GhiChu] [nvarchar](200) NULL,
	[TinhTrang] [nchar](10) NULL,
	[SoNguoiToiDa] [int] NULL,
	[LoaiPhong] [nchar](10) NULL,
	[active] [bit] NULL,
 CONSTRAINT [PK_Phong] PRIMARY KEY CLUSTERED 
(
	[MaPhong] ASC
)WITH (PAD_INDEX = OFF, STATISTICS_NORECOMPUTE = OFF, IGNORE_DUP_KEY = OFF, ALLOW_ROW_LOCKS = ON, ALLOW_PAGE_LOCKS = ON) ON [PRIMARY]
) ON [PRIMARY]

GO
/****** Object:  Table [dbo].[QuyDinh]    Script Date: 5/23/2017 7:58:41 PM ******/
SET ANSI_NULLS ON
GO
SET QUOTED_IDENTIFIER ON
GO
CREATE TABLE [dbo].[QuyDinh](
	[STT] [int] NOT NULL,
	[TenQuyDinh] [nvarchar](50) NULL,
	[GiaTri] [int] NULL,
 CONSTRAINT [PK_QuyDinh] PRIMARY KEY CLUSTERED 
(
	[STT] ASC
)WITH (PAD_INDEX = OFF, STATISTICS_NORECOMPUTE = OFF, IGNORE_DUP_KEY = OFF, ALLOW_ROW_LOCKS = ON, ALLOW_PAGE_LOCKS = ON) ON [PRIMARY]
) ON [PRIMARY]

GO
/****** Object:  Table [dbo].[TinhTrang]    Script Date: 5/23/2017 7:58:41 PM ******/
SET ANSI_NULLS ON
GO
SET QUOTED_IDENTIFIER ON
GO
CREATE TABLE [dbo].[TinhTrang](
	[MATINHTRANG] [nchar](10) NOT NULL,
	[TENTINHTRANG] [nvarchar](50) NULL,
 CONSTRAINT [PK_TinhTrang] PRIMARY KEY CLUSTERED 
(
	[MATINHTRANG] ASC
)WITH (PAD_INDEX = OFF, STATISTICS_NORECOMPUTE = OFF, IGNORE_DUP_KEY = OFF, ALLOW_ROW_LOCKS = ON, ALLOW_PAGE_LOCKS = ON) ON [PRIMARY]
) ON [PRIMARY]

GO
SET IDENTITY_INSERT [dbo].[BangPhanQuyen] ON 

INSERT [dbo].[BangPhanQuyen] ([STT], [LoaiNV], [DanhMucPhong], [ThayDoiQuyDinh], [NhatKyHeThong], [QuanLyLoaiPhong], [QuanLyKhachHang], [QuanLyLoaiKhachHang], [QuanLyNhanVien], [QuanLyLoaiNV], [SaoLuuDL], [PhucHoiDL], [PhanQuyen], [HinhThucThue]) VALUES (2, N'MLNV000001', 0, 1, 0, 0, 0, 0, 0, 0, 0, 0, 0, 0)
INSERT [dbo].[BangPhanQuyen] ([STT], [LoaiNV], [DanhMucPhong], [ThayDoiQuyDinh], [NhatKyHeThong], [QuanLyLoaiPhong], [QuanLyKhachHang], [QuanLyLoaiKhachHang], [QuanLyNhanVien], [QuanLyLoaiNV], [SaoLuuDL], [PhucHoiDL], [PhanQuyen], [HinhThucThue]) VALUES (3, N'MLNV000002', 1, 1, 1, 1, 1, 1, 1, 1, 1, 1, 1, 1)
SET IDENTITY_INSERT [dbo].[BangPhanQuyen] OFF
INSERT [dbo].[ChiTietHoaDon] ([MaCTHD], [MaHD], [MaPhong], [NgayDen], [NgayDi], [PhuThu], [DonGia], [ThanhTien]) VALUES (N'MCTHD00001', N'MHD0000001', N'MP00000001', CAST(0x0000A5D500000000 AS DateTime), CAST(0x0000A5D600000000 AS DateTime), 30000, 30000, 30000)
INSERT [dbo].[ChiTietHoaDon] ([MaCTHD], [MaHD], [MaPhong], [NgayDen], [NgayDi], [PhuThu], [DonGia], [ThanhTien]) VALUES (N'MCTHD00002', N'MHD0000001', N'MP00000001', CAST(0x0000A5D500000000 AS DateTime), NULL, 600000, NULL, 600000)
INSERT [dbo].[ChiTietHoaDon] ([MaCTHD], [MaHD], [MaPhong], [NgayDen], [NgayDi], [PhuThu], [DonGia], [ThanhTien]) VALUES (N'MCTHD00003', N'MHD0000003', N'MP00000002', CAST(0x0000A77B009DABC4 AS DateTime), NULL, 0, NULL, 0)
INSERT [dbo].[ChiTietHoaDon] ([MaCTHD], [MaHD], [MaPhong], [NgayDen], [NgayDi], [PhuThu], [DonGia], [ThanhTien]) VALUES (N'MCTHD00004', N'MHD0000004', N'MP00000002', CAST(0x0000A77B009E07DA AS DateTime), NULL, 0, NULL, 0)
INSERT [dbo].[HinhThuc] ([MaHinhThuc], [TenHinhThuc], [ThoiGianKeoDai], [GioKetThuc], [active]) VALUES (N'MHT0000001', N'thuê theo giờ', 1, NULL, 1)
INSERT [dbo].[HinhThuc] ([MaHinhThuc], [TenHinhThuc], [ThoiGianKeoDai], [GioKetThuc], [active]) VALUES (N'MHT0000002', N'Qua Đêm', NULL, 12, 1)
INSERT [dbo].[HinhThuc] ([MaHinhThuc], [TenHinhThuc], [ThoiGianKeoDai], [GioKetThuc], [active]) VALUES (N'MHT0000003', N'Theo Ngày', 24, NULL, 1)
INSERT [dbo].[HinhThuc_LoaiPhong] ([MaLoaiPhong], [MaHinhThuc], [DonGia], [TiepTheo]) VALUES (N'MLP0000001', N'MHT0000001', 50000, 10000)
INSERT [dbo].[HinhThuc_LoaiPhong] ([MaLoaiPhong], [MaHinhThuc], [DonGia], [TiepTheo]) VALUES (N'MLP0000001', N'MHT0000002', 150000, 150000)
INSERT [dbo].[HinhThuc_LoaiPhong] ([MaLoaiPhong], [MaHinhThuc], [DonGia], [TiepTheo]) VALUES (N'MLP0000001', N'MHT0000003', 250000, 250000)
INSERT [dbo].[HinhThuc_LoaiPhong] ([MaLoaiPhong], [MaHinhThuc], [DonGia], [TiepTheo]) VALUES (N'MLP0000002', N'MHT0000001', 60000, 10000)
INSERT [dbo].[HinhThuc_LoaiPhong] ([MaLoaiPhong], [MaHinhThuc], [DonGia], [TiepTheo]) VALUES (N'MLP0000002', N'MHT0000002', 200000, 200000)
INSERT [dbo].[HinhThuc_LoaiPhong] ([MaLoaiPhong], [MaHinhThuc], [DonGia], [TiepTheo]) VALUES (N'MLP0000002', N'MHT0000003', 300000, 300000)
INSERT [dbo].[HinhThuc_LoaiPhong] ([MaLoaiPhong], [MaHinhThuc], [DonGia], [TiepTheo]) VALUES (N'MLP0000003', N'MHT0000001', 80000, 20000)
INSERT [dbo].[HinhThuc_LoaiPhong] ([MaLoaiPhong], [MaHinhThuc], [DonGia], [TiepTheo]) VALUES (N'MLP0000003', N'MHT0000002', 220000, 220000)
INSERT [dbo].[HinhThuc_LoaiPhong] ([MaLoaiPhong], [MaHinhThuc], [DonGia], [TiepTheo]) VALUES (N'MLP0000003', N'MHT0000003', 350000, 350000)
INSERT [dbo].[HinhThuc_LoaiPhong] ([MaLoaiPhong], [MaHinhThuc], [DonGia], [TiepTheo]) VALUES (N'MLP0000004', N'MHT0000001', 100000, 30000)
INSERT [dbo].[HinhThuc_LoaiPhong] ([MaLoaiPhong], [MaHinhThuc], [DonGia], [TiepTheo]) VALUES (N'MLP0000004', N'MHT0000002', 300000, 300000)
INSERT [dbo].[HinhThuc_LoaiPhong] ([MaLoaiPhong], [MaHinhThuc], [DonGia], [TiepTheo]) VALUES (N'MLP0000004', N'MHT0000003', 400000, 400000)
INSERT [dbo].[HoaDon] ([MaHD], [MaKH], [SoGioThue], [TongTien], [NgayThanhToan], [MaNV], [MaPhieuThue]) VALUES (N'MHD0000001', N'MKH0000001', 24, 9000000, CAST(0x0000A65C00000000 AS DateTime), N'MNV0000001', N'MPT0000001')
INSERT [dbo].[HoaDon] ([MaHD], [MaKH], [SoGioThue], [TongTien], [NgayThanhToan], [MaNV], [MaPhieuThue]) VALUES (N'MHD0000002', N'MKH0000005', 0, 200000, CAST(0x0000A77A0143DE69 AS DateTime), NULL, N'MPT0000005')
INSERT [dbo].[HoaDon] ([MaHD], [MaKH], [SoGioThue], [TongTien], [NgayThanhToan], [MaNV], [MaPhieuThue]) VALUES (N'MHD0000003', N'MKH0000006', 0, 60000, CAST(0x0000A77B009DAE5C AS DateTime), NULL, N'MPT0000006')
INSERT [dbo].[HoaDon] ([MaHD], [MaKH], [SoGioThue], [TongTien], [NgayThanhToan], [MaNV], [MaPhieuThue]) VALUES (N'MHD0000004', N'MKH0000003', 4, 100000, CAST(0x0000A77B00EEAF82 AS DateTime), N'MNV0000002', N'MPT0000007')
INSERT [dbo].[KhachHang] ([MaKH], [TenKH], [CMND], [DiaChi], [SDT], [LoaiKH]) VALUES (N'MKH0000001', N'Anh Tùng', N'225674545      ', N'hồ chí minh', N'113            ', 1)
INSERT [dbo].[KhachHang] ([MaKH], [TenKH], [CMND], [DiaChi], [SDT], [LoaiKH]) VALUES (N'MKH0000002', N'Ca', N'344234354      ', N'american', N'114            ', 2)
INSERT [dbo].[KhachHang] ([MaKH], [TenKH], [CMND], [DiaChi], [SDT], [LoaiKH]) VALUES (N'MKH0000003', N'Hiền', N'434342333      ', N'tân bình', N'115            ', 1)
INSERT [dbo].[KhachHang] ([MaKH], [TenKH], [CMND], [DiaChi], [SDT], [LoaiKH]) VALUES (N'MKH0000004', N'Trang', N'3234343553     ', N'hoa kỳ', N'116            ', 2)
INSERT [dbo].[KhachHang] ([MaKH], [TenKH], [CMND], [DiaChi], [SDT], [LoaiKH]) VALUES (N'MKH0000005', N'van c', N'               ', N'', N'               ', 1)
INSERT [dbo].[KhachHang] ([MaKH], [TenKH], [CMND], [DiaChi], [SDT], [LoaiKH]) VALUES (N'MKH0000006', N'van c', N'               ', N'', N'               ', 1)
INSERT [dbo].[KhachHang] ([MaKH], [TenKH], [CMND], [DiaChi], [SDT], [LoaiKH]) VALUES (N'MKH0000007', N'nguyen v', N'               ', N'', N'               ', 1)
INSERT [dbo].[KhachHang] ([MaKH], [TenKH], [CMND], [DiaChi], [SDT], [LoaiKH]) VALUES (N'MKH0000008', N'hhhh', N'               ', N'', N'               ', 1)
SET IDENTITY_INSERT [dbo].[LoaiKhachHang] ON 

INSERT [dbo].[LoaiKhachHang] ([MaLoaiKH], [TenLoaiKH], [HeSo]) VALUES (1, N'nội địa', 1)
INSERT [dbo].[LoaiKhachHang] ([MaLoaiKH], [TenLoaiKH], [HeSo]) VALUES (2, N'ngoại quốc', 2)
SET IDENTITY_INSERT [dbo].[LoaiKhachHang] OFF
INSERT [dbo].[LoaiNhanVien] ([MaLoaiNV], [TenLoaiNV]) VALUES (N'MLNV000001', N'nhân viên')
INSERT [dbo].[LoaiNhanVien] ([MaLoaiNV], [TenLoaiNV]) VALUES (N'MLNV000002', N'quản lý')
INSERT [dbo].[LoaiPhong] ([MaLoaiPhong], [TenLoaiPhong], [TienQuaGio], [active]) VALUES (N'MLP0000001', N'Đơn ', 20000, 1)
INSERT [dbo].[LoaiPhong] ([MaLoaiPhong], [TenLoaiPhong], [TienQuaGio], [active]) VALUES (N'MLP0000002', N'Đôi', 10000, 1)
INSERT [dbo].[LoaiPhong] ([MaLoaiPhong], [TenLoaiPhong], [TienQuaGio], [active]) VALUES (N'MLP0000003', N'Gia Đình', 20000, 1)
INSERT [dbo].[LoaiPhong] ([MaLoaiPhong], [TenLoaiPhong], [TienQuaGio], [active]) VALUES (N'MLP0000004', N'Vip', 30000, 1)
INSERT [dbo].[NhanVien] ([MaNV], [TenNV], [DiaChi], [NgaySinh], [CMND], [SDT], [TaiKhoan], [MatKhau], [LoaiNV], [Email], [ConQuanLy], [GioiTinh]) VALUES (N'MNV0000001', N'Tùng', N'sài gòn', CAST(0x781B0B00 AS Date), N'4345435        ', N'016872344      ', N'tung                                              ', N'bb7d4b236b564cf1ec27aa891331e0af                  ', N'MLNV000001', N'tung@gmail.com                                    ', 0, 0)
INSERT [dbo].[NhanVien] ([MaNV], [TenNV], [DiaChi], [NgaySinh], [CMND], [SDT], [TaiKhoan], [MatKhau], [LoaiNV], [Email], [ConQuanLy], [GioiTinh]) VALUES (N'MNV0000002', N'Ca', N'hồ chí minh', CAST(0x981B0B00 AS Date), N'876875567      ', N'064328732      ', N'ca                                                ', N'5435c69ed3bcc5b2e4d580e393e373d3                  ', N'MLNV000002', N'ca@gmail.com                                      ', 1, 0)
INSERT [dbo].[NhanVien] ([MaNV], [TenNV], [DiaChi], [NgaySinh], [CMND], [SDT], [TaiKhoan], [MatKhau], [LoaiNV], [Email], [ConQuanLy], [GioiTinh]) VALUES (N'MNV0000003', N'Trang', N'gia định', CAST(0xB51B0B00 AS Date), N'987967655      ', N'019873684      ', N'trang                                             ', N'c786f96bb9eef05cd4c8641fc7cdeb24                  ', N'MLNV000001', N'trang@gmail.com                                   ', 1, 1)
INSERT [dbo].[NhanVien] ([MaNV], [TenNV], [DiaChi], [NgaySinh], [CMND], [SDT], [TaiKhoan], [MatKhau], [LoaiNV], [Email], [ConQuanLy], [GioiTinh]) VALUES (N'MNV0000004', N'Xuân Hiền', N'62 Trương Phước Phan, khu phố 7, phường Bình Trị Đông, quận Bình Tân', CAST(0xD51B0B00 AS Date), N'025123002      ', N'0934190085     ', N'hien                                              ', N'380a767a3eb890d7f177538fabd023d6                  ', N'MLNV000002', N'1642017@gmail.com                                 ', 1, 1)
SET IDENTITY_INSERT [dbo].[NhatKyHoatDong] ON 

INSERT [dbo].[NhatKyHoatDong] ([STT], [ID], [TenMayTinh], [ThoiGian], [ChucNang], [HanhDong]) VALUES (10, N'hien                                              ', N'USER-VAIO', CAST(0x0000A74E00BF581A AS DateTime), N'Hệ thống', N'Đăng nhập')
INSERT [dbo].[NhatKyHoatDong] ([STT], [ID], [TenMayTinh], [ThoiGian], [ChucNang], [HanhDong]) VALUES (11, N'hien                                              ', N'USER-VAIO', CAST(0x0000A74E00C02288 AS DateTime), N'Hệ thống', N'Đăng nhập')
INSERT [dbo].[NhatKyHoatDong] ([STT], [ID], [TenMayTinh], [ThoiGian], [ChucNang], [HanhDong]) VALUES (12, N'hien                                              ', N'USER-VAIO', CAST(0x0000A74E00C196A4 AS DateTime), N'Hệ thống', N'Đăng nhập')
INSERT [dbo].[NhatKyHoatDong] ([STT], [ID], [TenMayTinh], [ThoiGian], [ChucNang], [HanhDong]) VALUES (13, N'hien                                              ', N'USER-VAIO', CAST(0x0000A74E00C1C2E0 AS DateTime), N'Cơ sở dữ liệu', N'Phục hồi dữ liệu')
INSERT [dbo].[NhatKyHoatDong] ([STT], [ID], [TenMayTinh], [ThoiGian], [ChucNang], [HanhDong]) VALUES (14, N'trang                                             ', N'USER-VAIO', CAST(0x0000A74E00C1D35C AS DateTime), N'Hệ thống', N'Đăng nhập')
INSERT [dbo].[NhatKyHoatDong] ([STT], [ID], [TenMayTinh], [ThoiGian], [ChucNang], [HanhDong]) VALUES (15, N'hien                                              ', N'USER-VAIO', CAST(0x0000A74E00C5C0E6 AS DateTime), N'Hệ thống', N'Đăng nhập')
INSERT [dbo].[NhatKyHoatDong] ([STT], [ID], [TenMayTinh], [ThoiGian], [ChucNang], [HanhDong]) VALUES (16, N'hien                                              ', N'USER-VAIO', CAST(0x0000A74E00C8810A AS DateTime), N'Hệ thống', N'Đăng nhập')
INSERT [dbo].[NhatKyHoatDong] ([STT], [ID], [TenMayTinh], [ThoiGian], [ChucNang], [HanhDong]) VALUES (17, N'hien                                              ', N'USER-VAIO', CAST(0x0000A74E00CB5FDA AS DateTime), N'Hệ thống', N'Đăng nhập')
INSERT [dbo].[NhatKyHoatDong] ([STT], [ID], [TenMayTinh], [ThoiGian], [ChucNang], [HanhDong]) VALUES (18, N'hien                                              ', N'USER-VAIO', CAST(0x0000A74E00CD705B AS DateTime), N'Hệ thống', N'Đăng nhập')
INSERT [dbo].[NhatKyHoatDong] ([STT], [ID], [TenMayTinh], [ThoiGian], [ChucNang], [HanhDong]) VALUES (19, N'hien                                              ', N'USER-VAIO', CAST(0x0000A74E00CDFFF3 AS DateTime), N'Hệ thống', N'Đăng nhập')
INSERT [dbo].[NhatKyHoatDong] ([STT], [ID], [TenMayTinh], [ThoiGian], [ChucNang], [HanhDong]) VALUES (20, N'hien                                              ', N'USER-VAIO', CAST(0x0000A74E016E0032 AS DateTime), N'Hệ thống', N'Đăng nhập')
INSERT [dbo].[NhatKyHoatDong] ([STT], [ID], [TenMayTinh], [ThoiGian], [ChucNang], [HanhDong]) VALUES (21, N'hien                                              ', N'USER-VAIO', CAST(0x0000A74E016E7B75 AS DateTime), N'Hệ thống', N'Đăng nhập')
INSERT [dbo].[NhatKyHoatDong] ([STT], [ID], [TenMayTinh], [ThoiGian], [ChucNang], [HanhDong]) VALUES (22, NULL, N'USER-VAIO', CAST(0x0000A74E016E8821 AS DateTime), N'Hệ Thống', N'Phân quyền')
INSERT [dbo].[NhatKyHoatDong] ([STT], [ID], [TenMayTinh], [ThoiGian], [ChucNang], [HanhDong]) VALUES (23, N'trang                                             ', N'USER-VAIO', CAST(0x0000A74E016F543D AS DateTime), N'Hệ thống', N'Đăng nhập')
INSERT [dbo].[NhatKyHoatDong] ([STT], [ID], [TenMayTinh], [ThoiGian], [ChucNang], [HanhDong]) VALUES (24, N'hien                                              ', N'USER-VAIO', CAST(0x0000A74E016FA1E3 AS DateTime), N'Hệ thống', N'Đăng nhập')
INSERT [dbo].[NhatKyHoatDong] ([STT], [ID], [TenMayTinh], [ThoiGian], [ChucNang], [HanhDong]) VALUES (25, N'hien                                              ', N'USER-VAIO', CAST(0x0000A74E016FF3AE AS DateTime), N'Hệ thống', N'Đăng nhập')
INSERT [dbo].[NhatKyHoatDong] ([STT], [ID], [TenMayTinh], [ThoiGian], [ChucNang], [HanhDong]) VALUES (26, N'hien                                              ', N'USER-VAIO', CAST(0x0000A74E01729059 AS DateTime), N'Hệ thống', N'Đăng nhập')
INSERT [dbo].[NhatKyHoatDong] ([STT], [ID], [TenMayTinh], [ThoiGian], [ChucNang], [HanhDong]) VALUES (27, N'hien                                              ', N'USER-VAIO', CAST(0x0000A74E0174A7AE AS DateTime), N'Hệ thống', N'Đăng nhập')
INSERT [dbo].[NhatKyHoatDong] ([STT], [ID], [TenMayTinh], [ThoiGian], [ChucNang], [HanhDong]) VALUES (28, N'hien                                              ', N'USER-VAIO', CAST(0x0000A74E01759988 AS DateTime), N'Hệ thống', N'Đăng nhập')
INSERT [dbo].[NhatKyHoatDong] ([STT], [ID], [TenMayTinh], [ThoiGian], [ChucNang], [HanhDong]) VALUES (29, N'hien                                              ', N'USER-VAIO', CAST(0x0000A74E01761227 AS DateTime), N'Hệ thống', N'Đăng nhập')
INSERT [dbo].[NhatKyHoatDong] ([STT], [ID], [TenMayTinh], [ThoiGian], [ChucNang], [HanhDong]) VALUES (30, N'hien                                              ', N'USER-VAIO', CAST(0x0000A74E0176F0E4 AS DateTime), N'Hệ thống', N'Đăng nhập')
INSERT [dbo].[NhatKyHoatDong] ([STT], [ID], [TenMayTinh], [ThoiGian], [ChucNang], [HanhDong]) VALUES (31, N'hien                                              ', N'USER-VAIO', CAST(0x0000A74F016EB01F AS DateTime), N'Hệ thống', N'Đăng nhập')
INSERT [dbo].[NhatKyHoatDong] ([STT], [ID], [TenMayTinh], [ThoiGian], [ChucNang], [HanhDong]) VALUES (32, NULL, N'USER-VAIO', CAST(0x0000A74F016ED155 AS DateTime), N'Hệ Thống', N'Phân quyền')
INSERT [dbo].[NhatKyHoatDong] ([STT], [ID], [TenMayTinh], [ThoiGian], [ChucNang], [HanhDong]) VALUES (33, N'hien                                              ', N'USER-VAIO', CAST(0x0000A74F016F56C0 AS DateTime), N'Hệ thống', N'Đăng nhập')
INSERT [dbo].[NhatKyHoatDong] ([STT], [ID], [TenMayTinh], [ThoiGian], [ChucNang], [HanhDong]) VALUES (34, NULL, N'USER-VAIO', CAST(0x0000A74F016F6E77 AS DateTime), N'Hệ Thống', N'Phân quyền')
INSERT [dbo].[NhatKyHoatDong] ([STT], [ID], [TenMayTinh], [ThoiGian], [ChucNang], [HanhDong]) VALUES (35, N'hien                                              ', N'USER-VAIO', CAST(0x0000A74F0170A924 AS DateTime), N'Hệ thống', N'Đăng nhập')
INSERT [dbo].[NhatKyHoatDong] ([STT], [ID], [TenMayTinh], [ThoiGian], [ChucNang], [HanhDong]) VALUES (36, N'hien                                              ', N'USER-VAIO', CAST(0x0000A74F01762045 AS DateTime), N'Hệ thống', N'Đăng nhập')
INSERT [dbo].[NhatKyHoatDong] ([STT], [ID], [TenMayTinh], [ThoiGian], [ChucNang], [HanhDong]) VALUES (37, N'trang                                             ', N'USER-VAIO', CAST(0x0000A74F01768709 AS DateTime), N'Hệ thống', N'Đăng nhập')
INSERT [dbo].[NhatKyHoatDong] ([STT], [ID], [TenMayTinh], [ThoiGian], [ChucNang], [HanhDong]) VALUES (38, N'hien                                              ', N'USER-VAIO', CAST(0x0000A74F01769116 AS DateTime), N'Hệ thống', N'Đăng nhập')
INSERT [dbo].[NhatKyHoatDong] ([STT], [ID], [TenMayTinh], [ThoiGian], [ChucNang], [HanhDong]) VALUES (39, N'hien                                              ', N'USER-VAIO', CAST(0x0000A74F0177D0B5 AS DateTime), N'Hệ thống', N'Đăng nhập')
INSERT [dbo].[NhatKyHoatDong] ([STT], [ID], [TenMayTinh], [ThoiGian], [ChucNang], [HanhDong]) VALUES (40, N'hien                                              ', N'USER-VAIO', CAST(0x0000A74F01783899 AS DateTime), N'Hệ thống', N'Đăng nhập')
INSERT [dbo].[NhatKyHoatDong] ([STT], [ID], [TenMayTinh], [ThoiGian], [ChucNang], [HanhDong]) VALUES (41, N'hien                                              ', N'USER-VAIO', CAST(0x0000A74F0179D2D5 AS DateTime), N'Hệ thống', N'Đăng nhập')
INSERT [dbo].[NhatKyHoatDong] ([STT], [ID], [TenMayTinh], [ThoiGian], [ChucNang], [HanhDong]) VALUES (42, N'hien                                              ', N'USER-VAIO', CAST(0x0000A74F017A8079 AS DateTime), N'Hệ thống', N'Đăng nhập')
INSERT [dbo].[NhatKyHoatDong] ([STT], [ID], [TenMayTinh], [ThoiGian], [ChucNang], [HanhDong]) VALUES (43, N'hien                                              ', N'USER-VAIO', CAST(0x0000A74F017B5FBA AS DateTime), N'Hệ thống', N'Đăng nhập')
INSERT [dbo].[NhatKyHoatDong] ([STT], [ID], [TenMayTinh], [ThoiGian], [ChucNang], [HanhDong]) VALUES (44, N'hien                                              ', N'USER-VAIO', CAST(0x0000A74F017C4F31 AS DateTime), N'Hệ thống', N'Đăng nhập')
INSERT [dbo].[NhatKyHoatDong] ([STT], [ID], [TenMayTinh], [ThoiGian], [ChucNang], [HanhDong]) VALUES (45, N'hien                                              ', N'USER-VAIO', CAST(0x0000A74F017CA228 AS DateTime), N'Hệ thống', N'Đăng nhập')
INSERT [dbo].[NhatKyHoatDong] ([STT], [ID], [TenMayTinh], [ThoiGian], [ChucNang], [HanhDong]) VALUES (46, N'hien                                              ', N'USER-VAIO', CAST(0x0000A74F017CE59E AS DateTime), N'Hệ thống', N'Đăng nhập')
INSERT [dbo].[NhatKyHoatDong] ([STT], [ID], [TenMayTinh], [ThoiGian], [ChucNang], [HanhDong]) VALUES (47, N'hien                                              ', N'USER-VAIO', CAST(0x0000A74F017D5EB3 AS DateTime), N'Hệ thống', N'Đăng nhập')
INSERT [dbo].[NhatKyHoatDong] ([STT], [ID], [TenMayTinh], [ThoiGian], [ChucNang], [HanhDong]) VALUES (48, N'hien                                              ', N'USER-VAIO', CAST(0x0000A74F017DDFA0 AS DateTime), N'Hệ thống', N'Đăng nhập')
INSERT [dbo].[NhatKyHoatDong] ([STT], [ID], [TenMayTinh], [ThoiGian], [ChucNang], [HanhDong]) VALUES (49, N'hien                                              ', N'USER-VAIO', CAST(0x0000A74F017E076E AS DateTime), N'Hệ thống', N'Đăng nhập')
INSERT [dbo].[NhatKyHoatDong] ([STT], [ID], [TenMayTinh], [ThoiGian], [ChucNang], [HanhDong]) VALUES (50, N'ca                                                ', N'KAKA', CAST(0x0000A757003334C8 AS DateTime), N'Hệ thống', N'Đăng nhập')
INSERT [dbo].[NhatKyHoatDong] ([STT], [ID], [TenMayTinh], [ThoiGian], [ChucNang], [HanhDong]) VALUES (51, N'ca                                                ', N'KAKA', CAST(0x0000A75700CD7D21 AS DateTime), N'Hệ thống', N'Đăng nhập')
INSERT [dbo].[NhatKyHoatDong] ([STT], [ID], [TenMayTinh], [ThoiGian], [ChucNang], [HanhDong]) VALUES (52, N'ca                                                ', N'KAKA', CAST(0x0000A757015679EB AS DateTime), N'Hệ thống', N'Đăng nhập')
INSERT [dbo].[NhatKyHoatDong] ([STT], [ID], [TenMayTinh], [ThoiGian], [ChucNang], [HanhDong]) VALUES (53, N'ca                                                ', N'KAKA', CAST(0x0000A7570160C19D AS DateTime), N'Hệ thống', N'Đăng nhập')
INSERT [dbo].[NhatKyHoatDong] ([STT], [ID], [TenMayTinh], [ThoiGian], [ChucNang], [HanhDong]) VALUES (54, N'ca                                                ', N'KAKA', CAST(0x0000A75701723C34 AS DateTime), N'Hệ thống', N'Đăng nhập')
INSERT [dbo].[NhatKyHoatDong] ([STT], [ID], [TenMayTinh], [ThoiGian], [ChucNang], [HanhDong]) VALUES (55, N'ca                                                ', N'KAKA', CAST(0x0000A75A015E1F88 AS DateTime), N'Hệ thống', N'Đăng nhập')
INSERT [dbo].[NhatKyHoatDong] ([STT], [ID], [TenMayTinh], [ThoiGian], [ChucNang], [HanhDong]) VALUES (1055, N'ca                                                ', N'KAKA', CAST(0x0000A7680012DEC4 AS DateTime), N'Hệ thống', N'Đăng nhập')
INSERT [dbo].[NhatKyHoatDong] ([STT], [ID], [TenMayTinh], [ThoiGian], [ChucNang], [HanhDong]) VALUES (1056, N'ca                                                ', N'KAKA', CAST(0x0000A76900C51EFD AS DateTime), N'Hệ thống', N'Đăng nhập')
INSERT [dbo].[NhatKyHoatDong] ([STT], [ID], [TenMayTinh], [ThoiGian], [ChucNang], [HanhDong]) VALUES (1057, N'ca                                                ', N'KAKA', CAST(0x0000A76900C57708 AS DateTime), N'Hệ thống', N'Đăng nhập')
INSERT [dbo].[NhatKyHoatDong] ([STT], [ID], [TenMayTinh], [ThoiGian], [ChucNang], [HanhDong]) VALUES (1058, N'ca                                                ', N'KAKA', CAST(0x0000A76900C5EC20 AS DateTime), N'Hệ thống', N'Đăng nhập')
INSERT [dbo].[NhatKyHoatDong] ([STT], [ID], [TenMayTinh], [ThoiGian], [ChucNang], [HanhDong]) VALUES (1059, N'ca                                                ', N'KAKA', CAST(0x0000A769010813B5 AS DateTime), N'Hệ thống', N'Đăng nhập')
INSERT [dbo].[NhatKyHoatDong] ([STT], [ID], [TenMayTinh], [ThoiGian], [ChucNang], [HanhDong]) VALUES (1060, N'ca                                                ', N'KAKA', CAST(0x0000A7690108B986 AS DateTime), N'Hệ thống', N'Đăng nhập')
INSERT [dbo].[NhatKyHoatDong] ([STT], [ID], [TenMayTinh], [ThoiGian], [ChucNang], [HanhDong]) VALUES (1061, N'ca                                                ', N'KAKA', CAST(0x0000A7690108EB09 AS DateTime), N'Hệ thống', N'Đăng nhập')
INSERT [dbo].[NhatKyHoatDong] ([STT], [ID], [TenMayTinh], [ThoiGian], [ChucNang], [HanhDong]) VALUES (1062, N'ca                                                ', N'KAKA', CAST(0x0000A76901094D02 AS DateTime), N'Hệ thống', N'Đăng nhập')
INSERT [dbo].[NhatKyHoatDong] ([STT], [ID], [TenMayTinh], [ThoiGian], [ChucNang], [HanhDong]) VALUES (1063, N'ca                                                ', N'KAKA', CAST(0x0000A76901097B94 AS DateTime), N'Hệ thống', N'Đăng nhập')
INSERT [dbo].[NhatKyHoatDong] ([STT], [ID], [TenMayTinh], [ThoiGian], [ChucNang], [HanhDong]) VALUES (1064, N'ca                                                ', N'CA', CAST(0x0000A76B0135B1EA AS DateTime), N'Hệ thống', N'Đăng nhập')
INSERT [dbo].[NhatKyHoatDong] ([STT], [ID], [TenMayTinh], [ThoiGian], [ChucNang], [HanhDong]) VALUES (1065, N'ca                                                ', N'CA', CAST(0x0000A76B0135E273 AS DateTime), N'Hệ thống', N'Đăng nhập')
INSERT [dbo].[NhatKyHoatDong] ([STT], [ID], [TenMayTinh], [ThoiGian], [ChucNang], [HanhDong]) VALUES (1066, N'ca                                                ', N'CA', CAST(0x0000A76B013628E3 AS DateTime), N'Hệ thống', N'Đăng nhập')
INSERT [dbo].[NhatKyHoatDong] ([STT], [ID], [TenMayTinh], [ThoiGian], [ChucNang], [HanhDong]) VALUES (1067, N'ca                                                ', N'CA', CAST(0x0000A76B01367189 AS DateTime), N'Hệ thống', N'Đăng nhập')
INSERT [dbo].[NhatKyHoatDong] ([STT], [ID], [TenMayTinh], [ThoiGian], [ChucNang], [HanhDong]) VALUES (1068, N'ca                                                ', N'CA', CAST(0x0000A77A0142C7D5 AS DateTime), N'Hệ thống', N'Đăng nhập')
INSERT [dbo].[NhatKyHoatDong] ([STT], [ID], [TenMayTinh], [ThoiGian], [ChucNang], [HanhDong]) VALUES (1069, N'ca                                                ', N'CA', CAST(0x0000A77A01436782 AS DateTime), N'Hệ thống', N'Đăng nhập')
INSERT [dbo].[NhatKyHoatDong] ([STT], [ID], [TenMayTinh], [ThoiGian], [ChucNang], [HanhDong]) VALUES (1070, N'ca                                                ', N'CA', CAST(0x0000A77A014519C8 AS DateTime), N'Hệ thống', N'Đăng nhập')
INSERT [dbo].[NhatKyHoatDong] ([STT], [ID], [TenMayTinh], [ThoiGian], [ChucNang], [HanhDong]) VALUES (1071, N'ca                                                ', N'CA', CAST(0x0000A77A01456583 AS DateTime), N'Hệ thống', N'Đăng nhập')
INSERT [dbo].[NhatKyHoatDong] ([STT], [ID], [TenMayTinh], [ThoiGian], [ChucNang], [HanhDong]) VALUES (1072, N'ca                                                ', N'CA', CAST(0x0000A77A01462194 AS DateTime), N'Hệ thống', N'Đăng nhập')
INSERT [dbo].[NhatKyHoatDong] ([STT], [ID], [TenMayTinh], [ThoiGian], [ChucNang], [HanhDong]) VALUES (1073, N'ca                                                ', N'CA', CAST(0x0000A77A0146EF48 AS DateTime), N'Hệ thống', N'Đăng nhập')
INSERT [dbo].[NhatKyHoatDong] ([STT], [ID], [TenMayTinh], [ThoiGian], [ChucNang], [HanhDong]) VALUES (1074, N'ca                                                ', N'CA', CAST(0x0000A77A01471BDA AS DateTime), N'Hệ thống', N'Đăng nhập')
INSERT [dbo].[NhatKyHoatDong] ([STT], [ID], [TenMayTinh], [ThoiGian], [ChucNang], [HanhDong]) VALUES (1075, N'ca                                                ', N'CA', CAST(0x0000A77A0147B3B6 AS DateTime), N'Hệ thống', N'Đăng nhập')
INSERT [dbo].[NhatKyHoatDong] ([STT], [ID], [TenMayTinh], [ThoiGian], [ChucNang], [HanhDong]) VALUES (1076, N'ca                                                ', N'CA', CAST(0x0000A77A01486E9F AS DateTime), N'Hệ thống', N'Đăng nhập')
INSERT [dbo].[NhatKyHoatDong] ([STT], [ID], [TenMayTinh], [ThoiGian], [ChucNang], [HanhDong]) VALUES (1077, N'ca                                                ', N'CA', CAST(0x0000A77A0148A32A AS DateTime), N'Hệ thống', N'Đăng nhập')
INSERT [dbo].[NhatKyHoatDong] ([STT], [ID], [TenMayTinh], [ThoiGian], [ChucNang], [HanhDong]) VALUES (1078, N'ca                                                ', N'CA', CAST(0x0000A77A01494BB4 AS DateTime), N'Hệ thống', N'Đăng nhập')
INSERT [dbo].[NhatKyHoatDong] ([STT], [ID], [TenMayTinh], [ThoiGian], [ChucNang], [HanhDong]) VALUES (1079, N'ca                                                ', N'CA', CAST(0x0000A77A014A1C98 AS DateTime), N'Hệ thống', N'Đăng nhập')
INSERT [dbo].[NhatKyHoatDong] ([STT], [ID], [TenMayTinh], [ThoiGian], [ChucNang], [HanhDong]) VALUES (1080, N'ca                                                ', N'CA', CAST(0x0000A77A014A423B AS DateTime), N'Hệ thống', N'Đăng nhập')
INSERT [dbo].[NhatKyHoatDong] ([STT], [ID], [TenMayTinh], [ThoiGian], [ChucNang], [HanhDong]) VALUES (1081, N'ca                                                ', N'CA', CAST(0x0000A77A014A7588 AS DateTime), N'Hệ thống', N'Đăng nhập')
INSERT [dbo].[NhatKyHoatDong] ([STT], [ID], [TenMayTinh], [ThoiGian], [ChucNang], [HanhDong]) VALUES (1082, N'ca                                                ', N'CA', CAST(0x0000A77A014AB5F2 AS DateTime), N'Hệ thống', N'Đăng nhập')
INSERT [dbo].[NhatKyHoatDong] ([STT], [ID], [TenMayTinh], [ThoiGian], [ChucNang], [HanhDong]) VALUES (1083, N'ca                                                ', N'CA', CAST(0x0000A77A014AE9F9 AS DateTime), N'Hệ thống', N'Đăng nhập')
INSERT [dbo].[NhatKyHoatDong] ([STT], [ID], [TenMayTinh], [ThoiGian], [ChucNang], [HanhDong]) VALUES (1084, N'ca                                                ', N'CA', CAST(0x0000A77A014B494A AS DateTime), N'Hệ thống', N'Đăng nhập')
INSERT [dbo].[NhatKyHoatDong] ([STT], [ID], [TenMayTinh], [ThoiGian], [ChucNang], [HanhDong]) VALUES (1085, N'ca                                                ', N'CA', CAST(0x0000A77A014B83DB AS DateTime), N'Hệ thống', N'Đăng nhập')
INSERT [dbo].[NhatKyHoatDong] ([STT], [ID], [TenMayTinh], [ThoiGian], [ChucNang], [HanhDong]) VALUES (1086, N'ca                                                ', N'CA', CAST(0x0000A77A014B9BF9 AS DateTime), N'Hệ thống', N'Đăng nhập')
INSERT [dbo].[NhatKyHoatDong] ([STT], [ID], [TenMayTinh], [ThoiGian], [ChucNang], [HanhDong]) VALUES (1087, N'ca                                                ', N'CA', CAST(0x0000A77B009A8FD2 AS DateTime), N'Hệ thống', N'Đăng nhập')
INSERT [dbo].[NhatKyHoatDong] ([STT], [ID], [TenMayTinh], [ThoiGian], [ChucNang], [HanhDong]) VALUES (1088, N'ca                                                ', N'CA', CAST(0x0000A77B009DA2A7 AS DateTime), N'Hệ thống', N'Đăng nhập')
INSERT [dbo].[NhatKyHoatDong] ([STT], [ID], [TenMayTinh], [ThoiGian], [ChucNang], [HanhDong]) VALUES (1089, N'ca                                                ', N'CA', CAST(0x0000A77B009DFAC6 AS DateTime), N'Hệ thống', N'Đăng nhập')
INSERT [dbo].[NhatKyHoatDong] ([STT], [ID], [TenMayTinh], [ThoiGian], [ChucNang], [HanhDong]) VALUES (1090, N'ca                                                ', N'CA', CAST(0x0000A77B00EE98CA AS DateTime), N'Hệ thống', N'Đăng nhập')
INSERT [dbo].[NhatKyHoatDong] ([STT], [ID], [TenMayTinh], [ThoiGian], [ChucNang], [HanhDong]) VALUES (1091, N'ca                                                ', N'CA', CAST(0x0000A77B00EF0337 AS DateTime), N'Hệ thống', N'Đăng nhập')
INSERT [dbo].[NhatKyHoatDong] ([STT], [ID], [TenMayTinh], [ThoiGian], [ChucNang], [HanhDong]) VALUES (1092, N'ca                                                ', N'CA', CAST(0x0000A77B010153EC AS DateTime), N'Hệ thống', N'Đăng nhập')
INSERT [dbo].[NhatKyHoatDong] ([STT], [ID], [TenMayTinh], [ThoiGian], [ChucNang], [HanhDong]) VALUES (1093, N'ca                                                ', N'CA', CAST(0x0000A77B0101E940 AS DateTime), N'Hệ thống', N'Đăng nhập')
INSERT [dbo].[NhatKyHoatDong] ([STT], [ID], [TenMayTinh], [ThoiGian], [ChucNang], [HanhDong]) VALUES (1094, N'hien                                              ', N'CA', CAST(0x0000A77B0106342D AS DateTime), N'Hệ thống', N'Đăng nhập')
INSERT [dbo].[NhatKyHoatDong] ([STT], [ID], [TenMayTinh], [ThoiGian], [ChucNang], [HanhDong]) VALUES (1095, N'ca                                                ', N'CA', CAST(0x0000A77B010659F6 AS DateTime), N'Hệ thống', N'Đăng nhập')
INSERT [dbo].[NhatKyHoatDong] ([STT], [ID], [TenMayTinh], [ThoiGian], [ChucNang], [HanhDong]) VALUES (1096, N'ca                                                ', N'CA', CAST(0x0000A77B01074D07 AS DateTime), N'Hệ thống', N'Đăng nhập')
INSERT [dbo].[NhatKyHoatDong] ([STT], [ID], [TenMayTinh], [ThoiGian], [ChucNang], [HanhDong]) VALUES (1097, N'ca                                                ', N'CA', CAST(0x0000A77B01075B2C AS DateTime), N'Hệ thống', N'Đăng nhập')
INSERT [dbo].[NhatKyHoatDong] ([STT], [ID], [TenMayTinh], [ThoiGian], [ChucNang], [HanhDong]) VALUES (1098, N'ca                                                ', N'CA', CAST(0x0000A77B0107F7D3 AS DateTime), N'Hệ thống', N'Đăng nhập')
INSERT [dbo].[NhatKyHoatDong] ([STT], [ID], [TenMayTinh], [ThoiGian], [ChucNang], [HanhDong]) VALUES (1099, NULL, N'CA', CAST(0x0000A77B01088EE7 AS DateTime), N'Hệ Thống', N'Phân quyền')
INSERT [dbo].[NhatKyHoatDong] ([STT], [ID], [TenMayTinh], [ThoiGian], [ChucNang], [HanhDong]) VALUES (1100, NULL, N'CA', CAST(0x0000A77B010896C4 AS DateTime), N'Hệ Thống', N'Phân quyền')
INSERT [dbo].[NhatKyHoatDong] ([STT], [ID], [TenMayTinh], [ThoiGian], [ChucNang], [HanhDong]) VALUES (1101, N'hien                                              ', N'CA', CAST(0x0000A77B0108FB2D AS DateTime), N'Hệ thống', N'Đăng nhập')
INSERT [dbo].[NhatKyHoatDong] ([STT], [ID], [TenMayTinh], [ThoiGian], [ChucNang], [HanhDong]) VALUES (1102, NULL, N'CA', CAST(0x0000A77B010904BF AS DateTime), N'Hệ Thống', N'Phân quyền')
INSERT [dbo].[NhatKyHoatDong] ([STT], [ID], [TenMayTinh], [ThoiGian], [ChucNang], [HanhDong]) VALUES (1103, N'ca                                                ', N'CA', CAST(0x0000A77B0109A27F AS DateTime), N'Hệ thống', N'Đăng nhập')
INSERT [dbo].[NhatKyHoatDong] ([STT], [ID], [TenMayTinh], [ThoiGian], [ChucNang], [HanhDong]) VALUES (1104, N'ca                                                ', N'CA', CAST(0x0000A77B0109DC9E AS DateTime), N'Hệ thống', N'Đăng nhập')
INSERT [dbo].[NhatKyHoatDong] ([STT], [ID], [TenMayTinh], [ThoiGian], [ChucNang], [HanhDong]) VALUES (1105, N'ca                                                ', N'CA', CAST(0x0000A77B010AA2A5 AS DateTime), N'Hệ thống', N'Đăng nhập')
INSERT [dbo].[NhatKyHoatDong] ([STT], [ID], [TenMayTinh], [ThoiGian], [ChucNang], [HanhDong]) VALUES (1106, N'ca                                                ', N'CA', CAST(0x0000A77B010C3280 AS DateTime), N'Hệ thống', N'Đăng nhập')
INSERT [dbo].[NhatKyHoatDong] ([STT], [ID], [TenMayTinh], [ThoiGian], [ChucNang], [HanhDong]) VALUES (1107, N'ca                                                ', N'CA', CAST(0x0000A77B010CC60C AS DateTime), N'Hệ thống', N'Đăng nhập')
GO
INSERT [dbo].[NhatKyHoatDong] ([STT], [ID], [TenMayTinh], [ThoiGian], [ChucNang], [HanhDong]) VALUES (1108, N'ca                                                ', N'CA', CAST(0x0000A77B010D7920 AS DateTime), N'Hệ thống', N'Đăng nhập')
INSERT [dbo].[NhatKyHoatDong] ([STT], [ID], [TenMayTinh], [ThoiGian], [ChucNang], [HanhDong]) VALUES (1109, N'ca                                                ', N'CA', CAST(0x0000A77B010DC512 AS DateTime), N'Hệ thống', N'Đăng nhập')
INSERT [dbo].[NhatKyHoatDong] ([STT], [ID], [TenMayTinh], [ThoiGian], [ChucNang], [HanhDong]) VALUES (1110, N'ca                                                ', N'CA', CAST(0x0000A77B010E7F28 AS DateTime), N'Hệ thống', N'Đăng nhập')
INSERT [dbo].[NhatKyHoatDong] ([STT], [ID], [TenMayTinh], [ThoiGian], [ChucNang], [HanhDong]) VALUES (1111, N'ca                                                ', N'CA', CAST(0x0000A77B010FC76D AS DateTime), N'Hệ thống', N'Đăng nhập')
INSERT [dbo].[NhatKyHoatDong] ([STT], [ID], [TenMayTinh], [ThoiGian], [ChucNang], [HanhDong]) VALUES (1112, N'ca                                                ', N'CA', CAST(0x0000A77B010FF6F7 AS DateTime), N'Hệ thống', N'Đăng nhập')
INSERT [dbo].[NhatKyHoatDong] ([STT], [ID], [TenMayTinh], [ThoiGian], [ChucNang], [HanhDong]) VALUES (1113, N'ca                                                ', N'CA', CAST(0x0000A77B012A08D2 AS DateTime), N'Hệ thống', N'Đăng nhập')
INSERT [dbo].[NhatKyHoatDong] ([STT], [ID], [TenMayTinh], [ThoiGian], [ChucNang], [HanhDong]) VALUES (1114, N'ca                                                ', N'CA', CAST(0x0000A77C0148F386 AS DateTime), N'Hệ thống', N'Đăng nhập')
SET IDENTITY_INSERT [dbo].[NhatKyHoatDong] OFF
INSERT [dbo].[PhieuThue] ([MaPhieuThue], [MaPhong], [MaKH], [NgayBatDauThue], [NgayTraPhong], [SoNguoiThue], [TienChuyenPhong], [MaHinhThuc]) VALUES (N'MPT0000001', N'MP00000001', N'MKH0000001', CAST(0x0000A5FD00000000 AS DateTime), CAST(0x0000A61D00000000 AS DateTime), 3, 3000, N'MHT0000001')
INSERT [dbo].[PhieuThue] ([MaPhieuThue], [MaPhong], [MaKH], [NgayBatDauThue], [NgayTraPhong], [SoNguoiThue], [TienChuyenPhong], [MaHinhThuc]) VALUES (N'MPT0000002', N'MP00000002', N'MKH0000002', CAST(0x0000A7570018FE70 AS DateTime), CAST(0x0000A76801802371 AS DateTime), 2, 10000, N'MHT0000002')
INSERT [dbo].[PhieuThue] ([MaPhieuThue], [MaPhong], [MaKH], [NgayBatDauThue], [NgayTraPhong], [SoNguoiThue], [TienChuyenPhong], [MaHinhThuc]) VALUES (N'MPT0000003', N'MP00000002', N'MKH0000001', CAST(0x0000A74B00000000 AS DateTime), CAST(0x0000A75600000000 AS DateTime), 1, 10000, N'MHT0000001')
INSERT [dbo].[PhieuThue] ([MaPhieuThue], [MaPhong], [MaKH], [NgayBatDauThue], [NgayTraPhong], [SoNguoiThue], [TienChuyenPhong], [MaHinhThuc]) VALUES (N'MPT0000004', N'MP00000003', N'MKH0000002', CAST(0x0000A756012D9320 AS DateTime), CAST(0x0000A768018025B6 AS DateTime), 2, 0, N'MHT0000003')
INSERT [dbo].[PhieuThue] ([MaPhieuThue], [MaPhong], [MaKH], [NgayBatDauThue], [NgayTraPhong], [SoNguoiThue], [TienChuyenPhong], [MaHinhThuc]) VALUES (N'MPT0000005', N'MP00000002', N'MKH0000005', CAST(0x0000A77A0143D724 AS DateTime), CAST(0x0000A77A0143DE6B AS DateTime), 2, 0, N'MHT0000002')
INSERT [dbo].[PhieuThue] ([MaPhieuThue], [MaPhong], [MaKH], [NgayBatDauThue], [NgayTraPhong], [SoNguoiThue], [TienChuyenPhong], [MaHinhThuc]) VALUES (N'MPT0000006', N'MP00000002', N'MKH0000006', CAST(0x0000A77B009DABC4 AS DateTime), CAST(0x0000A77B009DAE5E AS DateTime), 2, 0, N'MHT0000001')
INSERT [dbo].[PhieuThue] ([MaPhieuThue], [MaPhong], [MaKH], [NgayBatDauThue], [NgayTraPhong], [SoNguoiThue], [TienChuyenPhong], [MaHinhThuc]) VALUES (N'MPT0000007', N'MP00000002', N'MKH0000003', CAST(0x0000A77B009E07DA AS DateTime), CAST(0x0000A77B00EEAF89 AS DateTime), 2, 0, N'MHT0000001')
INSERT [dbo].[PhieuThue] ([MaPhieuThue], [MaPhong], [MaKH], [NgayBatDauThue], [NgayTraPhong], [SoNguoiThue], [TienChuyenPhong], [MaHinhThuc]) VALUES (N'MPT0000008', N'MP00000002', N'MKH0000007', CAST(0x0000A77B00EF0CD8 AS DateTime), NULL, 2, 0, N'MHT0000002')
INSERT [dbo].[PhieuThue] ([MaPhieuThue], [MaPhong], [MaKH], [NgayBatDauThue], [NgayTraPhong], [SoNguoiThue], [TienChuyenPhong], [MaHinhThuc]) VALUES (N'MPT0000009', N'MP00000001', N'MKH0000008', CAST(0x0000A77B00F17616 AS DateTime), NULL, 2, 20000, N'MHT0000002')
INSERT [dbo].[Phong] ([MaPhong], [TenPhong], [GhiChu], [TinhTrang], [SoNguoiToiDa], [LoaiPhong], [active]) VALUES (N'MP00000001', N' 001', N'phòng sạch sẽ', N'MTT0000001', 5, N'MLP0000001', 1)
INSERT [dbo].[Phong] ([MaPhong], [TenPhong], [GhiChu], [TinhTrang], [SoNguoiToiDa], [LoaiPhong], [active]) VALUES (N'MP00000002', N'002', N'phòng hơi sạch sẽ', N'MTT0000001', 4, N'MLP0000002', 1)
INSERT [dbo].[Phong] ([MaPhong], [TenPhong], [GhiChu], [TinhTrang], [SoNguoiToiDa], [LoaiPhong], [active]) VALUES (N'MP00000003', N'003', N'phòn', N'MTT0000002', 4, N'MLP0000003', 1)
INSERT [dbo].[Phong] ([MaPhong], [TenPhong], [GhiChu], [TinhTrang], [SoNguoiToiDa], [LoaiPhong], [active]) VALUES (N'MP00000004', N'004', N'phòng tốt ', N'MTT0000002', 4, N'MLP0000003', 1)
INSERT [dbo].[Phong] ([MaPhong], [TenPhong], [GhiChu], [TinhTrang], [SoNguoiToiDa], [LoaiPhong], [active]) VALUES (N'MP00000005', N'005', N'ddd', N'MTT0000002', 4, N'MLP0000003', 0)
INSERT [dbo].[QuyDinh] ([STT], [TenQuyDinh], [GiaTri]) VALUES (1, N'SoPhutThem', 15)
INSERT [dbo].[QuyDinh] ([STT], [TenQuyDinh], [GiaTri]) VALUES (2, N'TienChuyenPhong', 20000)
INSERT [dbo].[TinhTrang] ([MATINHTRANG], [TENTINHTRANG]) VALUES (N'MTT0000001', N'Đang Thuê')
INSERT [dbo].[TinhTrang] ([MATINHTRANG], [TENTINHTRANG]) VALUES (N'MTT0000002', N'Trống')
INSERT [dbo].[TinhTrang] ([MATINHTRANG], [TENTINHTRANG]) VALUES (N'MTT0000003', N'Đang Sửa Chữa')
ALTER TABLE [dbo].[HinhThuc] ADD  CONSTRAINT [DF_HinhThuc_ThoiGianKeoDai]  DEFAULT ((0)) FOR [ThoiGianKeoDai]
GO
ALTER TABLE [dbo].[HinhThuc] ADD  CONSTRAINT [DF_HinhThuc_GioKetThuc]  DEFAULT ((12)) FOR [GioKetThuc]
GO
ALTER TABLE [dbo].[HinhThuc] ADD  CONSTRAINT [DF_HinhThuc_active]  DEFAULT ((1)) FOR [active]
GO
ALTER TABLE [dbo].[LoaiPhong] ADD  CONSTRAINT [DF_LoaiPhong_active]  DEFAULT ((1)) FOR [active]
GO
ALTER TABLE [dbo].[Phong] ADD  CONSTRAINT [DF_Phong_active]  DEFAULT ((1)) FOR [active]
GO
ALTER TABLE [dbo].[BangPhanQuyen]  WITH CHECK ADD  CONSTRAINT [FK_BangPhanQuyen_LoaiNhanVien] FOREIGN KEY([LoaiNV])
REFERENCES [dbo].[LoaiNhanVien] ([MaLoaiNV])
GO
ALTER TABLE [dbo].[BangPhanQuyen] CHECK CONSTRAINT [FK_BangPhanQuyen_LoaiNhanVien]
GO
ALTER TABLE [dbo].[ChiTietHoaDon]  WITH CHECK ADD  CONSTRAINT [FK_ChiTietHoaDon_HoaDon] FOREIGN KEY([MaHD])
REFERENCES [dbo].[HoaDon] ([MaHD])
GO
ALTER TABLE [dbo].[ChiTietHoaDon] CHECK CONSTRAINT [FK_ChiTietHoaDon_HoaDon]
GO
ALTER TABLE [dbo].[ChiTietHoaDon]  WITH CHECK ADD  CONSTRAINT [FK_ChiTietHoaDon_Phong] FOREIGN KEY([MaPhong])
REFERENCES [dbo].[Phong] ([MaPhong])
GO
ALTER TABLE [dbo].[ChiTietHoaDon] CHECK CONSTRAINT [FK_ChiTietHoaDon_Phong]
GO
ALTER TABLE [dbo].[HinhThuc_LoaiPhong]  WITH CHECK ADD  CONSTRAINT [FK_HinhThuc_LoaiPhong_HinhThuc] FOREIGN KEY([MaHinhThuc])
REFERENCES [dbo].[HinhThuc] ([MaHinhThuc])
GO
ALTER TABLE [dbo].[HinhThuc_LoaiPhong] CHECK CONSTRAINT [FK_HinhThuc_LoaiPhong_HinhThuc]
GO
ALTER TABLE [dbo].[HinhThuc_LoaiPhong]  WITH CHECK ADD  CONSTRAINT [FK_HinhThuc_LoaiPhong_LoaiPhong] FOREIGN KEY([MaLoaiPhong])
REFERENCES [dbo].[LoaiPhong] ([MaLoaiPhong])
GO
ALTER TABLE [dbo].[HinhThuc_LoaiPhong] CHECK CONSTRAINT [FK_HinhThuc_LoaiPhong_LoaiPhong]
GO
ALTER TABLE [dbo].[HoaDon]  WITH CHECK ADD  CONSTRAINT [FK_HoaDon_NhanVien] FOREIGN KEY([MaNV])
REFERENCES [dbo].[NhanVien] ([MaNV])
GO
ALTER TABLE [dbo].[HoaDon] CHECK CONSTRAINT [FK_HoaDon_NhanVien]
GO
ALTER TABLE [dbo].[HoaDon]  WITH CHECK ADD  CONSTRAINT [FK_HoaDon_PhieuThue] FOREIGN KEY([MaPhieuThue])
REFERENCES [dbo].[PhieuThue] ([MaPhieuThue])
GO
ALTER TABLE [dbo].[HoaDon] CHECK CONSTRAINT [FK_HoaDon_PhieuThue]
GO
ALTER TABLE [dbo].[KhachHang]  WITH CHECK ADD  CONSTRAINT [FK_KhachHang_LoaiKhachHang] FOREIGN KEY([LoaiKH])
REFERENCES [dbo].[LoaiKhachHang] ([MaLoaiKH])
GO
ALTER TABLE [dbo].[KhachHang] CHECK CONSTRAINT [FK_KhachHang_LoaiKhachHang]
GO
ALTER TABLE [dbo].[NhanVien]  WITH CHECK ADD  CONSTRAINT [FK_NhanVien_LoaiNhanVien] FOREIGN KEY([LoaiNV])
REFERENCES [dbo].[LoaiNhanVien] ([MaLoaiNV])
GO
ALTER TABLE [dbo].[NhanVien] CHECK CONSTRAINT [FK_NhanVien_LoaiNhanVien]
GO
ALTER TABLE [dbo].[PhieuThue]  WITH CHECK ADD  CONSTRAINT [FK_PhieuThue_HinhThuc] FOREIGN KEY([MaHinhThuc])
REFERENCES [dbo].[HinhThuc] ([MaHinhThuc])
GO
ALTER TABLE [dbo].[PhieuThue] CHECK CONSTRAINT [FK_PhieuThue_HinhThuc]
GO
ALTER TABLE [dbo].[PhieuThue]  WITH CHECK ADD  CONSTRAINT [FK_PhieuThue_KhachHang] FOREIGN KEY([MaKH])
REFERENCES [dbo].[KhachHang] ([MaKH])
GO
ALTER TABLE [dbo].[PhieuThue] CHECK CONSTRAINT [FK_PhieuThue_KhachHang]
GO
ALTER TABLE [dbo].[PhieuThue]  WITH CHECK ADD  CONSTRAINT [FK_PhieuThue_Phong] FOREIGN KEY([MaPhong])
REFERENCES [dbo].[Phong] ([MaPhong])
GO
ALTER TABLE [dbo].[PhieuThue] CHECK CONSTRAINT [FK_PhieuThue_Phong]
GO
ALTER TABLE [dbo].[Phong]  WITH CHECK ADD  CONSTRAINT [FK_Phong_LoaiPhong] FOREIGN KEY([LoaiPhong])
REFERENCES [dbo].[LoaiPhong] ([MaLoaiPhong])
GO
ALTER TABLE [dbo].[Phong] CHECK CONSTRAINT [FK_Phong_LoaiPhong]
GO
ALTER TABLE [dbo].[Phong]  WITH CHECK ADD  CONSTRAINT [FK_Phong_TinhTrang] FOREIGN KEY([TinhTrang])
REFERENCES [dbo].[TinhTrang] ([MATINHTRANG])
GO
ALTER TABLE [dbo].[Phong] CHECK CONSTRAINT [FK_Phong_TinhTrang]
GO
